noise_type,noise_level_name,noise_level,secondary_param_name,secondary_param,noise_aware,num_seeds,policy_hit_rate_mean_pct,policy_hit_rate_std_pct,policy_mean_error_mean_m,policy_mean_error_std_m,policy_median_error_mean_m,policy_median_error_std_m,policy_p90_error_mean_m,policy_p90_error_std_m,final_cost_mean,final_cost_std
slip,alpha,0.05,sigma,0.04,False,3,83.33333333333333,11.785113019775793,0.0626029497418873,0.007217070238898551,0.057079644452486505,0.0022253516089109806,0.08947943913745333,0.024554655082506534,0.005014597305642388,0.005031669951196588
slip,alpha,0.05,sigma,0.04,True,3,100.0,0.0,0.03373100310812534,0.003451488731624632,0.033081052998203124,0.0030079907568128675,0.04914952693902255,0.0061008626467355265,0.004655298789130951,0.0002667005558945279
slip,alpha,0.1,sigma,0.04,False,3,8.333333333333334,11.785113019775793,0.1309898157674497,0.013792557026497804,0.13011667877038777,0.015658720147290157,0.15479628880741228,0.019708445356171667,0.0014458166396745106,3.463083222527571e-05
slip,alpha,0.1,sigma,0.04,True,3,100.0,0.0,0.0377379562745487,0.001269144621024065,0.035558888567430204,0.0014958611161440837,0.051673275945302966,0.004560247498851731,0.004479617649021584,0.000155586206639897
slip,alpha,0.15,sigma,0.04,False,3,8.333333333333334,11.785113019775793,0.16923567916112384,0.014423745505232394,0.1699087816158461,0.01851913001860777,0.20474335353329284,0.004525421696178401,0.001237526804048071,0.00011797877162578448
slip,alpha,0.15,sigma,0.04,True,3,100.0,0.0,0.03168549535881064,0.005035321779677986,0.03133695461051974,0.005573060325489411,0.042406222302193354,0.010559366716637235,0.004666806954736657,0.00014002239779113744
slip,alpha,0.2,sigma,0.04,False,3,0.0,0.0,0.23602205070492688,0.026904044342672115,0.22848347618823808,0.032980055305720665,0.2890066563871445,0.02297379818089712,0.001374766631116273,2.08138261533426e-05
slip,alpha,0.2,sigma,0.04,True,3,100.0,0.0,0.03700864855820562,0.01143085694627312,0.036527290391258856,0.010424718830013838,0.052393909257350234,0.015818223958288514,0.008771149784140096,0.0004332202158151016
