noise_type,noise_level_name,noise_level,secondary_param_name,secondary_param,noise_aware,num_seeds,policy_hit_rate_mean_pct,policy_hit_rate_std_pct,policy_mean_error_mean_m,policy_mean_error_std_m,policy_median_error_mean_m,policy_median_error_std_m,policy_p90_error_mean_m,policy_p90_error_std_m,final_cost_mean,final_cost_std
slip,alpha,0.05,sigma,0.04,False,3,83.33333333333333,11.785113019775793,0.0626029497418873,0.007217070238898551,0.057079644452486505,0.0022253516089109806,0.08947943913745333,0.024554655082506534,0.005014597305642388,0.005031669951196588
slip,alpha,0.05,sigma,0.04,True,3,100.0,0.0,0.03373100310812534,0.003451488731624632,0.033081052998203124,0.0030079907568128675,0.04914952693902255,0.0061008626467355265,0.004655298789130951,0.0002667005558945279
